patient_id,avg_blood_sugar
1,85.500000000
2,95.000000000
4,120.000000000
5,101.500000000
6,110.000000000
7,92.000000000
